"elpd","pD","WAIC","Species","file","path","single_species","spatial"
-17228.4754305334,1983.30586305257,38423.5625871719,NA,"spMsPGOcc_Forest_Species_group_1.rds","C:/Users/kwaku.adjei/OneDrive - NINA/112635 - Videreutvikling av indikatorer for hekkefugl - Documents/ninaProjects/breedingBirdsModelOutput/modelFit/version_01/Forest/multiple_species_model/spatialModel",FALSE,TRUE
-58.6884501110781,18.3225557689828,154.022011760122,"Aquila_chrysaetos","spPGOcc_Forest_Aquila_chrysaetos.rds","C:/Users/kwaku.adjei/OneDrive - NINA/112635 - Videreutvikling av indikatorer for hekkefugl - Documents/ninaProjects/breedingBirdsModelOutput/modelFit/version_01/Forest/single_species_model/non_spatialModel",TRUE,FALSE
-743.00895508476,86.99247056726,1660.00285130404,"Certhia_familiaris","spPGOcc_Forest_Certhia_familiaris.rds","C:/Users/kwaku.adjei/OneDrive - NINA/112635 - Videreutvikling av indikatorer for hekkefugl - Documents/ninaProjects/breedingBirdsModelOutput/modelFit/version_01/Forest/single_species_model/non_spatialModel",TRUE,FALSE
-846.513474209871,76.6757182584266,1846.37838493659,"Dryocopus_martius","spPGOcc_Forest_Dryocopus_martius.rds","C:/Users/kwaku.adjei/OneDrive - NINA/112635 - Videreutvikling av indikatorer for hekkefugl - Documents/ninaProjects/breedingBirdsModelOutput/modelFit/version_01/Forest/single_species_model/spatialModel",TRUE,TRUE
-714.245264121548,72.7070128244708,1573.90455389204,"Garrulus_glandarius","spPGOcc_Forest_Garrulus_glandarius.rds","C:/Users/kwaku.adjei/OneDrive - NINA/112635 - Videreutvikling av indikatorer for hekkefugl - Documents/ninaProjects/breedingBirdsModelOutput/modelFit/version_01/Forest/single_species_model/non_spatialModel",TRUE,FALSE
-502.022794309174,101.887682843581,1207.82095430551,"Hippolais_icterina","spPGOcc_Forest_Hippolais_icterina.rds","C:/Users/kwaku.adjei/OneDrive - NINA/112635 - Videreutvikling av indikatorer for hekkefugl - Documents/ninaProjects/breedingBirdsModelOutput/modelFit/version_01/Forest/single_species_model/non_spatialModel",TRUE,FALSE
-197.276215128419,31.2944059235582,457.141242103954,"Jynx_torquilla","spPGOcc_Forest_Jynx_torquilla.rds","C:/Users/kwaku.adjei/OneDrive - NINA/112635 - Videreutvikling av indikatorer for hekkefugl - Documents/ninaProjects/breedingBirdsModelOutput/modelFit/version_01/Forest/single_species_model/spatialModel",TRUE,TRUE
-1016.83014521491,84.7432741115826,2203.14683865299,"Lophophanes_cristatus","spPGOcc_Forest_Lophophanes_cristatus.rds","C:/Users/kwaku.adjei/OneDrive - NINA/112635 - Videreutvikling av indikatorer for hekkefugl - Documents/ninaProjects/breedingBirdsModelOutput/modelFit/version_01/Forest/single_species_model/non_spatialModel",TRUE,FALSE
-1859.25941694969,168.77688177965,4056.07259745869,"Muscicapa_striata","spPGOcc_Forest_Muscicapa_striata.rds","C:/Users/kwaku.adjei/OneDrive - NINA/112635 - Videreutvikling av indikatorer for hekkefugl - Documents/ninaProjects/breedingBirdsModelOutput/modelFit/version_01/Forest/single_species_model/spatialModel",TRUE,TRUE
-1442.14814250666,139.683124795117,3163.66253460356,"Periparus_ater","spPGOcc_Forest_Periparus_ater.rds","C:/Users/kwaku.adjei/OneDrive - NINA/112635 - Videreutvikling av indikatorer for hekkefugl - Documents/ninaProjects/breedingBirdsModelOutput/modelFit/version_01/Forest/single_species_model/non_spatialModel",TRUE,FALSE
-245.551624937669,37.9458374281946,566.994924731728,"Perisoreus_infaustus","spPGOcc_Forest_Perisoreus_infaustus.rds","C:/Users/kwaku.adjei/OneDrive - NINA/112635 - Videreutvikling av indikatorer for hekkefugl - Documents/ninaProjects/breedingBirdsModelOutput/modelFit/version_01/Forest/single_species_model/non_spatialModel",TRUE,FALSE
-2332.27396241309,269.933682076763,5204.4152889797,"Phoenicurus_phoenicurus","spPGOcc_Forest_Phoenicurus_phoenicurus.rds","C:/Users/kwaku.adjei/OneDrive - NINA/112635 - Videreutvikling av indikatorer for hekkefugl - Documents/ninaProjects/breedingBirdsModelOutput/modelFit/version_01/Forest/single_species_model/non_spatialModel",TRUE,FALSE
-248.89219354992,49.4146086590413,596.613604417922,"Phylloscopus_sibilatrix","spPGOcc_Forest_Phylloscopus_sibilatrix.rds","C:/Users/kwaku.adjei/OneDrive - NINA/112635 - Videreutvikling av indikatorer for hekkefugl - Documents/ninaProjects/breedingBirdsModelOutput/modelFit/version_01/Forest/single_species_model/spatialModel",TRUE,TRUE
-473.744219190957,69.8345173876274,1087.15747315717,"Picus_viridis","spPGOcc_Forest_Picus_viridis.rds","C:/Users/kwaku.adjei/OneDrive - NINA/112635 - Videreutvikling av indikatorer for hekkefugl - Documents/ninaProjects/breedingBirdsModelOutput/modelFit/version_01/Forest/single_species_model/non_spatialModel",TRUE,FALSE
-2648.68694681342,235.881106251092,5769.13610612902,"Poecile_montanus","spPGOcc_Forest_Poecile_montanus.rds","C:/Users/kwaku.adjei/OneDrive - NINA/112635 - Videreutvikling av indikatorer for hekkefugl - Documents/ninaProjects/breedingBirdsModelOutput/modelFit/version_01/Forest/single_species_model/non_spatialModel",TRUE,FALSE
-1982.36010809824,185.177299208611,4335.0748146137,"Pyrrhula_pyrrhula","spPGOcc_Forest_Pyrrhula_pyrrhula.rds","C:/Users/kwaku.adjei/OneDrive - NINA/112635 - Videreutvikling av indikatorer for hekkefugl - Documents/ninaProjects/breedingBirdsModelOutput/modelFit/version_01/Forest/single_species_model/spatialModel",TRUE,TRUE
-585.617224997391,108.114191592004,1387.46283317879,"Sitta_europaea","spPGOcc_Forest_Sitta_europaea.rds","C:/Users/kwaku.adjei/OneDrive - NINA/112635 - Videreutvikling av indikatorer for hekkefugl - Documents/ninaProjects/breedingBirdsModelOutput/modelFit/version_01/Forest/single_species_model/non_spatialModel",TRUE,FALSE
-153.20191808143,16.6654628910091,339.734761944878,"Tetrao_urogallus","spPGOcc_Forest_Tetrao_urogallus.rds","C:/Users/kwaku.adjei/OneDrive - NINA/112635 - Videreutvikling av indikatorer for hekkefugl - Documents/ninaProjects/breedingBirdsModelOutput/modelFit/version_01/Forest/single_species_model/spatialModel",TRUE,TRUE
-1282.87451305854,132.974156289804,2831.69733869669,"Turdus_viscivorus","spPGOcc_Forest_Turdus_viscivorus.rds","C:/Users/kwaku.adjei/OneDrive - NINA/112635 - Videreutvikling av indikatorer for hekkefugl - Documents/ninaProjects/breedingBirdsModelOutput/modelFit/version_01/Forest/single_species_model/non_spatialModel",TRUE,FALSE
